{"cameraMode":{"drawMode":0,"name":"Shaded","section":"Shading Mode"},"sceneLighting":false,"audioPlay":false,"sceneViewState":{"m_AlwaysRefresh":false,"showFog":true,"showSkybox":false,"showFlares":true,"showImageEffects":true,"showParticleSystems":true,"showVisualEffectGraphs":true,"m_FxEnabled":true},"in2DMode":false,"pivot":{"x":-0.9750000238418579,"y":1.2660000324249268,"z":-0.5019999742507935},"rotation":{"x":0.18932883441448213,"y":-0.0585702508687973,"z":0.011323831044137478,"w":0.9801631569862366},"size":0.8660253882408142,"orthographic":false}