{"cameraMode":{"drawMode":0,"name":"Shaded","section":"Shading Mode"},"sceneLighting":true,"audioPlay":false,"sceneViewState":{"m_AlwaysRefresh":false,"showFog":true,"showSkybox":true,"showFlares":true,"showImageEffects":true,"showParticleSystems":true,"showVisualEffectGraphs":true,"m_FxEnabled":true},"in2DMode":false,"pivot":{"x":3.7247543334960939,"y":0.9053478240966797,"z":-4.711643695831299},"rotation":{"x":-0.28486138582229617,"y":0.15468287467956544,"z":-0.046706750988960269,"w":-0.9449259042739868},"size":8.388525009155274,"orthographic":false}